"Name","Pin","Function","Symbolic name","Direction","Mode","Pad level","Pad strength","Pin function","Pad class","Power domain","Reset state"
"AN0","AA15","","","","","","","","D","VDDM","HighZ"
"AN1","AB15","","","","","","","","D","VDDM","HighZ"
"AN2","AD14","","","","","","","","D","VDDM","HighZ"
"AN3","AB14","","","","","","","","D","VDDM","HighZ"
"AN4","AA14","","","","","","","","D","VDDM","HighZ"
"AN5","AE14","","","","","","","","D","VDDM","HighZ"
"AN6","AA13","","","","","","","","D","VDDM","HighZ"
"AN7","AB13","","","","","","","","D","VDDM","HighZ"
"AN8","AD13","","","","","","","","D","VDDM","HighZ"
"AN9","AB12","","","","","","","","D","VDDM","HighZ"
"AN10","AE13","","","","","","","","D","VDDM","HighZ"
"AN11","AD12","","","","","","","","D","VDDM","HighZ"
"AN12","AA12","","","","","","","","D","VDDM","HighZ"
"AN13","AD11","","","","","","","","D","VDDM","HighZ"
"AN14","AB11","","","","","","","","D","VDDM","HighZ"
"AN15","AA11","","","","","","","","D","VDDM","HighZ"
"AN16","AD10","","","","","","","","D","VDDM","HighZ"
"AN20","AE8","","","","","","","","D","VDDM","HighZ"
"AN21","AE7","","","","","","","","D","VDDM","HighZ"
"AN22","AA10","","","","","","","","D","VDDM","HighZ"
"AN23","Y10","","","","","","","","D","VDDM","HighZ"
"AN30","AA9","","","","","","","","D","VDDM","HighZ"
"AN31","Y9","","","","","","","","D","VDDM","HighZ"
"AN34","W10","","","","","","","","D","VDDM","HighZ"
"AN35","Y7","","","","","","","","D","VDDM","HighZ"
"AN40","U10","","","","","","","","D","VDDM","HighZ"
"AN41","U9","","","","","","","","D","VDDM","HighZ"
"AN42","T10","","","","","","","","D","VDDM","HighZ"
"AN43","T9","","","","","","","","D","VDDM","HighZ"
"AN44","V6","","","","","","","","D","VDDM","HighZ"
"AN45","V7","","","","","","","","D","VDDM","HighZ"
"AN46","U6","","","","","","","","D","VDDM","HighZ"
"AN47","U7","","","","","","","","D","VDDM","HighZ"
"AN48","AK7","","","","","","","","D","VDDM","HighZ"
"AN49","AJ7","","","","","","","","D","VDDM","HighZ"
"AN50","AJ6","","","","","","","","D","VDDM","HighZ"
"AN51","AK6","","","","","","","","D","VDDM","HighZ"
"AN52","AJ5","","","","","","","","D","VDDM","HighZ"
"AN53","AK5","","","","","","","","D","VDDM","HighZ"
"AN56","AF1","","","","","","","","D","VDDM","HighZ"
"AN57","AF2","","","","","","","","D","VDDM","HighZ"
"AN58","AE2","","","","","","","","D","VDDM","HighZ"
"AN59","AE1","","","","","","","","D","VDDM","HighZ"
"AN60","AD1","","","","","","","","D","VDDM","HighZ"
"AN61","AD2","","","","","","","","D","VDDM","HighZ"
"AN65","AB1","","","","","","","","D","VDDM","HighZ"
"AN66","AA2","","","","","","","","D","VDDM","HighZ"
"AN17/P40.10","AB10","","","","Tri-state","","","Digital","S","VDDM","HighZ"
"AN18/P40.11","AD9","","","","Tri-state","","","Digital","S","VDDM","HighZ"
"AN19/P40.12","AD8","","","","Tri-state","","","Digital","S","VDDM","HighZ"
"AN24/P40.0","AD7","","","","Tri-state","","","Digital","S","VDDM","HighZ"
"AN25/P40.1","AD6","","","","Tri-state","","","Digital","S","VDDM","HighZ"
"AN26/P40.2","AC7","","","","Tri-state","","","Digital","S","VDDM","HighZ"
"AN27/P40.3","AC6","","","","Tri-state","","","Digital","S","VDDM","HighZ"
"AN28/P40.13","AB7","","","","Tri-state","","","Digital","S","VDDM","HighZ"
"AN29/P40.14","AB6","","","","Tri-state","","","Digital","S","VDDM","HighZ"
"AN32/P40.4","W9","","","","Tri-state","","","Digital","S","VDDM","HighZ"
"AN33/P40.5","Y6","","","","Tri-state","","","Digital","S","VDDM","HighZ"
"AN36/P40.6","V9","","","","Tri-state","","","Digital","S","VDDM","HighZ"
"AN37/P40.7","W7","","","","Tri-state","","","Digital","S","VDDM","HighZ"
"AN38/P40.8","V10","","","","Tri-state","","","Digital","S","VDDM","HighZ"
"AN39/P40.9","W6","","","","Tri-state","","","Digital","S","VDDM","HighZ"
"AN54/P41.4","AJ4","","","","Tri-state","","","Digital","S","VDDM","HighZ"
"AN55/P41.5","AK4","","","","Tri-state","","","Digital","S","VDDM","HighZ"
"AN62/P41.6","AC2","","","","Tri-state","","","Digital","S","VDDM","HighZ"
"AN63/P41.7","AC1","","","","Tri-state","","","Digital","S","VDDM","HighZ"
"AN64/P41.8","AB2","","","","Tri-state","","","Digital","S","VDDM","HighZ"
"AN67/P40.15","AA1","","","","Tri-state","","","Digital","S","VDDM","HighZ"
"AN68/P41.0","Y1","","","","Tri-state","","","Digital","S","VDDM","HighZ"
"AN69/P41.1","Y2","","","","Tri-state","","","Digital","S","VDDM","HighZ"
"AN70/P41.2","W1","","","","Tri-state","","","Digital","S","VDDM","HighZ"
"AN71/P41.3","W2","","","","Tri-state","","","Digital","S","VDDM","HighZ"
"NC","B20","","","","","","","","","",""
"NC","B21","","","","","","","","","",""
"NC","B25","","","","","","","","","",""
"NC","B26","","","","","","","","","",""
"NC","B27","","","","","","","","","",""
"NC","D29","","","","","","","","","",""
"NC","E1","","","","","","","","","",""
"NC","F29","","","","","","","","","",""
"NC","E2","","","","","","","","","",""
"NC","A3","","","","","","","","","",""
"NC","A4","","","","","","","","","",""
"NC","A8","","","","","","","","","",""
"NC","A9","","","","","","","","","",""
"NC","V1","","","","","","","","","",""
"NC","V2","","","","","","","","","",""
"NC","R1","","","","","","","","","",""
"NC","D30","","","","","","","","","",""
"NC","A10","","","","","","","","","",""
"NC","R2","","","","","","","","","",""
"NC","F30","","","","","","","","","",""
"NC","J1","","","","","","","","","",""
"NC","A17","","","","","","","","","",""
"NC","AJ1","","","","","","","","","",""
"NC","AJ2","","","","","","","","","",""
"NC","AJ3","","","","","","","","","",""
"NC","B1","","","","","","","","","",""
"NC","B4","","","","","","","","","",""
"NC","B6","","","","","","","","","",""
"NC","B9","","","","","","","","","",""
"NC","AJ20","","","","","","","","","",""
"NC","A21","","","","","","","","","",""
"NC","A25","","","","","","","","","",""
"NC","A26","","","","","","","","","",""
"NC","A27","","","","","","","","","",""
"NC","A28","","","","","","","","","",""
"NC","AK2","","","","","","","","","",""
"NC","AK3","","","","","","","","","",""
"NC","C29","","","","","","","","","",""
"NC","E29","","","","","","","","","",""
"NC","C1","","","","","","","","","",""
"NC","C2","","","","","","","","","",""
"NC","G29","","","","","","","","","",""
"NC","T1","","","","","","","","","",""
"NC","B10","","","","","","","","","",""
"NC","C30","","","","","","","","","",""
"NC","E30","","","","","","","","","",""
"NC","G30","","","","","","","","","",""
"NC","B14","","","","","","","","","",""
"NC","B17","","","","","","","","","",""
"NC","H1","","","","","","","","","",""
"NC","AH1","","","","","","","","","",""
"NC","H2","","","","","","","","","",""
"NC","AH2","","","","","","","","","",""
"NC","D1","","","","","","","","","",""
"NC","D2","","","","","","","","","",""
"NC","W30","","","","","","","","","",""
"NC","R19","","","","","","","","","",""
"NC1","A1","","","","","","","","","",""
"NC1","F6","","","","","","","","","",""
"NC1","AE6","","","","","","","","","",""
"NC1","V30","","","","","","","","","",""
"NC1","AK1","","","","","","","","","",""
"NC1","AB9","","","","","","","","","",""
"NC1","V29","","","","","","","","","",""
"P00.0","M6","","","Input","Pull-up","CMOS/Automotive","","","FAST","VEXT","PU1"
"P00.1","M7","","","Input","Pull-up","CMOS/Automotive","","Digital","SLOW","VEXT","PU1"
"P00.2","N6","","","Input","Pull-up","CMOS/Automotive","","Digital","SLOW","VEXT","PU1"
"P00.3","N7","","","Input","Pull-up","CMOS/Automotive","","Digital","SLOW","VEXT","PU1"
"P00.4","P6","","","Input","Pull-up","CMOS/Automotive","","Digital","SLOW","VEXT","PU1"
"P00.5","P7","","","Input","Pull-up","CMOS/Automotive","","Digital","SLOW","VEXT","PU1"
"P00.6","P9","","","Input","Pull-up","CMOS/Automotive","","Digital","SLOW","VEXT","PU1"
"P00.7","R6","","","Input","Pull-up","CMOS/Automotive","","Digital","SLOW","VEXT","PU1"
"P00.8","R9","","","Input","Pull-up","CMOS/Automotive","","Digital","SLOW","VEXT","PU1"
"P00.9","R7","","","Input","Pull-up","CMOS/Automotive","","Digital","SLOW","VEXT","PU1"
"P00.10","R10","","","Input","Pull-up","CMOS/Automotive","","Digital","SLOW","VEXT","PU1"
"P00.11","T6","","","Input","Pull-up","CMOS/Automotive","","Digital","SLOW","VEXT","PU1"
"P00.12","T7","","","Input","Pull-up","CMOS/Automotive","","Digital","SLOW","VEXT","PU1"
"P00.13","T2","","","Input","Pull-up","CMOS/Automotive","","","FAST","VEXT","PU1"
"P00.14","U2","","","Input","Pull-up","CMOS/Automotive","","","SLOW","VEXT","PU1"
"P00.15","U1","","","Input","Pull-up","CMOS/Automotive","","","FAST","VEXT","PU1"
"P01.0","J2","","","Input","Pull-up","CMOS/Automotive","","","SLOW","VEXT","PU1"
"P01.1","K1","","","Input","Pull-up","CMOS/Automotive","","","SLOW","VEXT","PU1"
"P01.2","K2","","","Input","Pull-up","CMOS/Automotive","","","SLOW","VEXT","PU1"
"P01.3","M10","","","Input","Pull-up","CMOS/Automotive","","Digital","SLOW","VEXT","PU1"
"P01.4","M9","","","Input","Pull-up","CMOS/Automotive","","Digital","SLOW","VEXT","PU1"
"P01.5","N10","","","Input","Pull-up","CMOS/Automotive","","Digital","SLOW","VEXT","PU1"
"P01.6","N9","","","Input","Pull-up","CMOS/Automotive","","","FAST","VEXT","PU1"
"P01.7","P10","","","Input","Pull-up","CMOS/Automotive","","","FAST","VEXT","PU1"
"P01.8","L1","","","Input","Pull-up","CMOS/Automotive","","","SLOW","VEXT","PU1"
"P01.9","L2","","","Input","Pull-up","CMOS/Automotive","","","SLOW","VEXT","PU1"
"P01.10","M2","","","Input","Pull-up","CMOS/Automotive","","","SLOW","VEXT","PU1"
"P01.11","M1","","","Input","Pull-up","CMOS/Automotive","","","SLOW","VEXT","PU1"
"P01.12","N2","","","Input","Pull-up","CMOS/Automotive","","","FAST","VEXT","PU1"
"P01.13","N1","","","Input","Pull-up","CMOS/Automotive","","","FAST","VEXT","PU1"
"P01.14","P2","","","Input","Pull-up","CMOS/Automotive","","","FAST","VEXT","PU1"
"P01.15","P1","","","Input","Pull-up","CMOS/Automotive","","","SLOW","VEXT","PU1"
"P02.0","G6","","","Input","Pull-up","CMOS/Automotive","","","FAST","VEXT","PU1"
"P02.1","H7","","","Input","Pull-up","CMOS/Automotive","","","SLOW","VEXT","PU1"
"P02.2","H6","","","Input","Pull-up","CMOS/Automotive","","","FAST","VEXT","PU1"
"P02.3","J7","","","Input","Pull-up","CMOS/Automotive","","","SLOW","VEXT","PU1"
"P02.4","J6","","","Input","Pull-up","CMOS/Automotive","","","FAST","VEXT","PU1"
"P02.5","K7","","","Input","Pull-up","CMOS/Automotive","","","FAST","VEXT","PU1"
"P02.6","K6","","","Input","Pull-up","CMOS/Automotive","","","FAST","VEXT","PU1"
"P02.7","L7","","","Input","Pull-up","CMOS/Automotive","","","FAST","VEXT","PU1"
"P02.8","L6","","","Input","Pull-up","CMOS/Automotive","","","SLOW","VEXT","PU1"
"P02.9","K9","","","Input","Pull-up","CMOS/Automotive","","","SLOW","VEXT","PU1"
"P02.10","L10","","","Input","Pull-up","CMOS/Automotive","","","SLOW","VEXT","PU1"
"P02.11","L9","","","Input","Pull-up","CMOS/Automotive","","Digital","SLOW","VEXT","PU1"
"P02.12","F2","","","Input","Pull-up","CMOS/Automotive","","","SLOW","VEXT","PU1"
"P02.13","F1","","","Input","Pull-up","CMOS/Automotive","","","SLOW","VEXT","PU1"
"P02.14","G2","","","Input","Pull-up","CMOS/Automotive","","","SLOW","VEXT","PU1"
"P02.15","G1","","","Input","Pull-up","CMOS/Automotive","","","FAST","VEXT","PU1"
"P10.0","F12","","","Input","Pull-up","CMOS/Automotive","","","SLOW","VEXT","PU1"
"P10.1","G12","","","Input","Pull-up","CMOS/Automotive","","","FAST","VEXT","PU1"
"P10.2","F10","","","Input","Pull-up","CMOS/Automotive","","","FAST","VEXT","PU1"
"P10.3","F11","","","Input","Pull-up","CMOS/Automotive","","","FAST","VEXT","PU1"
"P10.4","G11","","","Input","Pull-up","CMOS/Automotive","","","FAST","VEXT","PU1"
"P10.5","G10","PMS_HWCFG4","","Input","Pull-up","CMOS/Automotive","","","SLOW","VEXT","PU2"
"P10.6","F9","PMS_HWCFG5","","Input","Pull-up","CMOS/Automotive","","","SLOW","VEXT","PU2"
"P10.7","F8","","","Input","Pull-up","CMOS/Automotive","","","SLOW","VEXT","PU1"
"P10.8","G9","","","Input","Pull-up","CMOS/Automotive","","","SLOW","VEXT","PU1"
"P10.9","B8","","","Input","Pull-up","CMOS/Automotive","","","SLOW","VEXT","PU1"
"P10.10","B7","","","Input","Pull-up","CMOS/Automotive","","","SLOW","VEXT","PU1"
"P10.11","A7","","","Input","Pull-up","CMOS/Automotive","","","SLOW","VEXT","PU1"
"P10.13","A6","","","Input","Pull-up","CMOS/Automotive","","","SLOW","VEXT","PU1"
"P10.14","B5","","","Input","Pull-up","CMOS/Automotive","","","SLOW","VEXT","PU1"
"P10.15","A5","","","Input","Pull-up","CMOS/Automotive","","","SLOW","VEXT","PU1"
"P11.0","K15","","","Input","Pull-up","CMOS/Automotive","","","RFAST","VFLEX","PU1"
"P11.1","K14","","","Input","Pull-up","CMOS/Automotive","","","RFAST","VFLEX","PU1"
"P11.2","F15","","","Input","Pull-up","CMOS/Automotive","","","RFAST","VFLEX","PU1"
"P11.3","G15","","","Input","Pull-up","CMOS/Automotive","","","RFAST","VFLEX","PU1"
"P11.4","J15","","","Input","Pull-up","CMOS/Automotive","","","RFAST","VFLEX","PU1"
"P11.5","J13","","","Input","Pull-up","CMOS/Automotive","","","SLOW / RGMII_Input","VFLEX","PU1"
"P11.6","J14","","","Input","Pull-up","CMOS/Automotive","","","RFAST","VFLEX","PU1"
"P11.7","K13","","","Input","Pull-up","CMOS/Automotive","","","SLOW / RGMII_Input","VFLEX","PU1"
"P11.8","K12","","","Input","Pull-up","CMOS/Automotive","","","SLOW / RGMII_Input","VFLEX","PU1"
"P11.9","F14","","","Input","Pull-up","CMOS/Automotive","","","FAST / RGMII_Input","VFLEX","PU1"
"P11.10","G14","","","Input","Pull-up","CMOS/Automotive","","","FAST / RGMII_Input","VFLEX","PU1"
"P11.11","F13","","","Input","Pull-up","CMOS/Automotive","","","FAST / RGMII_Input","VFLEX","PU1"
"P11.12","G13","","","Input","Pull-up","CMOS/Automotive","","","FAST / RGMII_Input","VFLEX","PU1"
"P11.13","K11","","","Input","Pull-up","CMOS/Automotive","","","SLOW","VFLEX","PU1"
"P11.14","J12","","","Input","Pull-up","CMOS/Automotive","","","SLOW","VFLEX","PU1"
"P11.15","J11","","","Input","Pull-up","CMOS/Automotive","","","SLOW","VFLEX","PU1"
"P12.0","K17","","","Input","Pull-up","CMOS/Automotive","","","SLOW","VFLEX","PU1"
"P12.1","K16","","","Input","Pull-up","CMOS/Automotive","","","SLOW","VFLEX","PU1"
"P13.0","G17","","","Input","Pull-up","CMOS/Automotive","","","LVDS_TX / FAST","VEXT","PU1"
"P13.1","F17","","","Input","Pull-up","CMOS/Automotive","","","LVDS_TX / FAST","VEXT","PU1"
"P13.2","G16","","","Input","Pull-up","CMOS/Automotive","","","LVDS_TX / FAST","VEXT","PU1"
"P13.3","F16","","","Input","Pull-up","CMOS/Automotive","","","LVDS_TX / FAST","VEXT","PU1"
"P13.4","B16","","","Input","Pull-up","CMOS/Automotive","","","LVDS_TX / FAST","VEXT","PU1"
"P13.5","A16","","","Input","Pull-up","CMOS/Automotive","","","LVDS_TX / FAST","VEXT","PU1"
"P13.6","B15","","","Input","Pull-up","CMOS/Automotive","","","LVDS_TX / FAST","VEXT","PU1"
"P13.7","A15","","","Input","Pull-up","CMOS/Automotive","","","LVDS_TX / FAST","VEXT","PU1"
"P13.9","A14","","","Input","Pull-up","CMOS/Automotive","","","FAST","VEXT","PU1"
"P13.10","B13","","","Input","Pull-up","CMOS/Automotive","","","SLOW","VEXT","PU1"
"P13.11","A13","","","Input","Pull-up","CMOS/Automotive","","","SLOW","VEXT","PU1"
"P13.12","B12","","","Input","Pull-up","CMOS/Automotive","","","SLOW","VEXT","PU1"
"P13.13","A12","","","Input","Pull-up","CMOS/Automotive","","","SLOW","VEXT","PU1"
"P13.14","B11","","","Input","Pull-up","CMOS/Automotive","","","SLOW","VEXT","PU1"
"P13.15","A11","","","Input","Pull-up","CMOS/Automotive","","","SLOW","VEXT","PU1"
"P14.0","G21","","","Input","Pull-up","CMOS/Automotive","","","FAST","VEXT","PU1"
"P14.1","F20","","","Input","Pull-up","CMOS/Automotive","","","FAST","VEXT","PU1"
"P14.2","K18","EVRC_EN","","Input","Pull-up","CMOS/Automotive","","","SLOW","VEXT","PU2"
"P14.3","G19","","","Input","Pull-up","CMOS/Automotive","","","SLOW","VEXT","PU2"
"P14.4","G20","PMS_HWCFG6","","Input","Pull-up","CMOS/Automotive","","","SLOW","VEXT","PU2"
"P14.5","F19","EVR33_EN","","Input","Pull-up","CMOS/Automotive","","","FAST","VEXT","PU2"
"P14.6","G18","","","Input","Pull-up","CMOS/Automotive","","","FAST","VEXT","PU1"
"P14.7","J18","","","Input","Pull-up","CMOS/Automotive","","","SLOW","VEXT","PU1"
"P14.8","F18","","","Input","Pull-up","CMOS/Automotive","","","SLOW","VEXT","PU1"
"P14.9","J17","","","Input","Pull-up","CMOS/Automotive","","","LVDS_RX / FAST","VEXT","PU1"
"P14.10","J16","","","Input","Pull-up","CMOS/Automotive","","","LVDS_RX / FAST","VEXT","PU1"
"P14.11","A20","","","Input","Pull-up","CMOS/Automotive","","","SLOW","VEXT","PU1"
"P14.12","B19","","","Input","Pull-up","CMOS/Automotive","","","SLOW","VEXT","PU1"
"P14.13","A19","","","Input","Pull-up","CMOS/Automotive","","","FAST","VEXT","PU1"
"P14.14","B18","","","Input","Pull-up","CMOS/Automotive","","","FAST","VEXT","PU1"
"P14.15","A18","","","Input","Pull-up","CMOS/Automotive","","","SLOW","VEXT","PU1"
"P15.0","G25","","","Input","Pull-up","CMOS/Automotive","","","FAST","VEXT","PU1"
"P15.1","F23","","","Input","Pull-up","CMOS/Automotive","","","FAST","VEXT","PU1"
"P15.2","H24","","","Input","Pull-up","CMOS/Automotive","","","FAST","VEXT","PU1"
"P15.3","G22","","","Input","Pull-up","CMOS/Automotive","","","FAST","VEXT","PU1"
"P15.4","F22","","","Input","Pull-up","CMOS/Automotive","","","FAST","VEXT","PU1"
"P15.5","K19","","","Input","Pull-up","CMOS/Automotive","","","FAST","VEXT","PU1"
"P15.6","F21","","","Input","Pull-up","CMOS/Automotive","","","FAST","VEXT","PU1"
"P15.7","J20","","","Input","Pull-up","CMOS/Automotive","","","FAST","VEXT","PU1"
"P15.8","J19","","","Input","Pull-up","CMOS/Automotive","","","FAST","VEXT","PU1"
"P15.10","B24","","","Input","Pull-up","CMOS/Automotive","","","FAST","VEXT","PU1"
"P15.11","A24","","","Input","Pull-up","CMOS/Automotive","","","FAST","VEXT","PU1"
"P15.12","B23","","","Input","Pull-up","CMOS/Automotive","","","FAST","VEXT","PU1"
"P15.13","A23","","","Input","Pull-up","CMOS/Automotive","","","FAST","VEXT","PU1"
"P15.14","B22","","","Input","Pull-up","CMOS/Automotive","","","FAST","VEXT","PU1"
"P15.15","A22","","","Input","Pull-up","CMOS/Automotive","","","FAST","VEXT","PU1"
"P20.0","N25","","","Input","Pull-up","CMOS/Automotive","","","FAST","VEXT","PU1"
"P20.1","M24","","","Input","Pull-up","CMOS/Automotive","","","SLOW","VEXT","PU1"
"P20.2","N24","PMS_TESTMODE","","Input","Pull-up","CMOS/Automotive","","","S","VEXT","PU"
"P20.3","M25","","","Input","Pull-up","CMOS/Automotive","","","SLOW","VEXT","PU1"
"P20.6","L22","","","Input","Pull-up","CMOS/Automotive","","","SLOW","VEXT","PU1"
"P20.7","L24","CAN0_NODE0_RXD","CAN0_NODE0_RXD","Input","Pull-up","CMOS/Automotive","","","FAST","VEXT","PU1"
"P20.8","L25","CAN0_NODE0_TXD","CAN0_NODE0_TXD","Output","Push-pull","CMOS/Automotive","Speed grade 4","","FAST","VEXT","PU1"
"P20.9","K22","","","Input","Pull-up","CMOS/Automotive","","","FAST","VEXT","PU1"
"P20.10","K24","","","Input","Pull-up","CMOS/Automotive","","","FAST","VEXT","PU1"
"P20.11","K25","","","Input","Pull-up","CMOS/Automotive","","","FAST","VEXT","PU1"
"P20.12","J24","","","Input","Pull-up","CMOS/Automotive","","","FAST","VEXT","PU1"
"P20.13","J25","","","Input","Pull-up","CMOS/Automotive","","","FAST","VEXT","PU1"
"P20.14","H25","","","Input","Pull-up","CMOS/Automotive","","","FAST","VEXT","PU1"
"P21.0","R22","","","Input","Pull-up","CMOS/Automotive","","","LVDS_RX / FAST","VEXT","PU1"
"P21.1","P22","","","Input","Pull-up","CMOS/Automotive","","","LVDS_RX / FAST","VEXT","PU1"
"P21.2","R24","","","Input","Pull-up","CMOS/Automotive","","","LVDS_RX / FAST","VEXT","PU1"
"P21.3","P24","","","Input","Pull-up","CMOS/Automotive","","","LVDS_RX / FAST","VEXT","PU1"
"P21.4","R25","","","Input","Pull-up","CMOS/Automotive","","","LVDS_TX / FAST","VEXT","PU1"
"P21.5","P25","","","Input","Pull-up","CMOS/Automotive","","","LVDS_TX / FAST","VEXT","PU1"
"P21.6/TDI","N22","","","Input","Pull-up","CMOS/Automotive","","","FAST","VEXT","PD / PU2"
"P21.7/TDO","N21","","","Input","Pull-up","CMOS/Automotive","","","FAST","VEXT","PU2"
"P22.0","W25","","","Input","Pull-up","CMOS/Automotive","","","LVDS_TX / FAST","VEXT","PU1"
"P22.1","W24","","","Input","Pull-up","CMOS/Automotive","","","LVDS_TX / FAST","VEXT","PU1"
"P22.2","Y25","","","Input","Pull-up","CMOS/Automotive","","","LVDS_TX / FAST","VEXT","PU1"
"P22.3","Y24","","","Input","Pull-up","CMOS/Automotive","","","LVDS_TX / FAST","VEXT","PU1"
"P22.4","W21","","","Input","Pull-up","CMOS/Automotive","","","SLOW","VEXT","PU1"
"P22.5","W22","","","Input","Pull-up","CMOS/Automotive","","","SLOW","VEXT","PU1"
"P22.6","V21","","","Input","Pull-up","CMOS/Automotive","","","SLOW","VEXT","PU1"
"P22.7","V22","","","Input","Pull-up","CMOS/Automotive","","","SLOW","VEXT","PU1"
"P22.8","U21","","","Input","Pull-up","CMOS/Automotive","","","SLOW","VEXT","PU1"
"P22.9","U22","","","Input","Pull-up","CMOS/Automotive","","","SLOW","VEXT","PU1"
"P22.10","T21","","","Input","Pull-up","CMOS/Automotive","","","SLOW","VEXT","PU1"
"P22.11","T22","","","Input","Pull-up","CMOS/Automotive","","","SLOW","VEXT","PU1"
"P23.0","AC25","","","Input","Pull-up","CMOS/Automotive","","","SLOW","VEXT","PU1"
"P23.1","AB24","","","Input","Pull-up","CMOS/Automotive","","","FAST","VEXT","PU1"
"P23.2","AB25","","","Input","Pull-up","CMOS/Automotive","","","SLOW","VEXT","PU1"
"P23.3","AA24","","","Input","Pull-up","CMOS/Automotive","","","SLOW","VEXT","PU1"
"P23.4","AA25","","","Input","Pull-up","CMOS/Automotive","","","FAST","VEXT","PU1"
"P23.5","AA22","","","Input","Pull-up","CMOS/Automotive","","","FAST","VEXT","PU1"
"P23.6","Y22","","","Input","Pull-up","CMOS/Automotive","","","SLOW","VEXT","PU1"
"P23.7","Y21","","","Input","Pull-up","CMOS/Automotive","","","SLOW","VEXT","PU1"
"P24.0","U29","","","Input","Pull-up","CMOS/Automotive","","","FAST","VEXT","PU1"
"P24.1","U30","","","Input","Pull-up","CMOS/Automotive","","","FAST","VEXT","PU1"
"P24.2","T29","","","Input","Pull-up","CMOS/Automotive","","","FAST","VEXT","PU1"
"P24.3","T30","","","Input","Pull-up","CMOS/Automotive","","","FAST","VEXT","PU1"
"P24.4","R29","","","Input","Pull-up","CMOS/Automotive","","","FAST","VEXT","PU1"
"P24.5","R30","","","Input","Pull-up","CMOS/Automotive","","","FAST","VEXT","PU1"
"P24.6","P29","","","Input","Pull-up","CMOS/Automotive","","","FAST","VEXT","PU1"
"P24.7","P30","","","Input","Pull-up","CMOS/Automotive","","","FAST","VEXT","PU1"
"P24.8","N29","","","Input","Pull-up","CMOS/Automotive","","","FAST","VEXT","PU1"
"P24.9","N30","","","Input","Pull-up","CMOS/Automotive","","","FAST","VEXT","PU1"
"P24.10","M29","","","Input","Pull-up","CMOS/Automotive","","","FAST","VEXT","PU1"
"P24.11","M30","","","Input","Pull-up","CMOS/Automotive","","","FAST","VEXT","PU1"
"P24.12","L29","","","Input","Pull-up","CMOS/Automotive","","","FAST","VEXT","PU1"
"P24.13","L30","","","Input","Pull-up","CMOS/Automotive","","","FAST","VEXT","PU1"
"P24.14","K29","","","Input","Pull-up","CMOS/Automotive","","","FAST","VEXT","PU1"
"P24.15","K30","","","Input","Pull-up","CMOS/Automotive","","","FAST","VEXT","PU1"
"P25.0","AG30","","","Input","Pull-up","CMOS/Automotive","","","FAST","VEXT","PU1"
"P25.1","AF30","","","Input","Pull-up","CMOS/Automotive","","","FAST","VEXT","PU1"
"P25.2","AF29","","","Input","Pull-up","CMOS/Automotive","","","FAST","VEXT","PU1"
"P25.3","AE30","","","Input","Pull-up","CMOS/Automotive","","","FAST","VEXT","PU1"
"P25.4","AE29","","","Input","Pull-up","CMOS/Automotive","","","FAST","VEXT","PU1"
"P25.5","AD30","","","Input","Pull-up","CMOS/Automotive","","","FAST","VEXT","PU1"
"P25.6","W29","","","Input","Pull-up","CMOS/Automotive","","","FAST","VEXT","PU1"
"P25.7","AD29","","","Input","Pull-up","CMOS/Automotive","","","FAST","VEXT","PU1"
"P25.8","AC29","","","Input","Pull-up","CMOS/Automotive","","","FAST","VEXT","PU1"
"P25.9","AC30","","","Input","Pull-up","CMOS/Automotive","","","FAST","VEXT","PU1"
"P25.10","AB29","","","Input","Pull-up","CMOS/Automotive","","","FAST","VEXT","PU1"
"P25.11","AB30","","","Input","Pull-up","CMOS/Automotive","","","FAST","VEXT","PU1"
"P25.12","AA29","","","Input","Pull-up","CMOS/Automotive","","","FAST","VEXT","PU1"
"P25.13","AA30","","","Input","Pull-up","CMOS/Automotive","","","FAST","VEXT","PU1"
"P25.14","Y29","","","Input","Pull-up","CMOS/Automotive","","","FAST","VEXT","PU1"
"P25.15","Y30","","","Input","Pull-up","CMOS/Automotive","","","FAST","VEXT","PU1"
"P26.0","AG29","","","Input","Pull-up","CMOS/Automotive","","","SLOW","VEXT","PU1"
"P30.0","AJ21","","","Input","Pull-up","CMOS/Automotive","","","FAST","VEXT","PU1"
"P30.1","AK21","","","Input","Pull-up","CMOS/Automotive","","","FAST","VEXT","PU1"
"P30.2","AJ22","","","Input","Pull-up","CMOS/Automotive","","","FAST","VEXT","PU1"
"P30.3","AK22","","","Input","Pull-up","CMOS/Automotive","","","FAST","VEXT","PU1"
"P30.4","AJ23","","","Input","Pull-up","CMOS/Automotive","","","FAST","VEXT","PU1"
"P30.5","AK23","","","Input","Pull-up","CMOS/Automotive","","","FAST","VEXT","PU1"
"P30.6","AJ24","","","Input","Pull-up","CMOS/Automotive","","","FAST","VEXT","PU1"
"P30.7","AK24","","","Input","Pull-up","CMOS/Automotive","","","FAST","VEXT","PU1"
"P30.8","AJ25","","","Input","Pull-up","CMOS/Automotive","","","FAST","VEXT","PU1"
"P30.9","AK25","","","Input","Pull-up","CMOS/Automotive","","","FAST","VEXT","PU1"
"P30.10","AJ26","","","Input","Pull-up","CMOS/Automotive","","","FAST","VEXT","PU1"
"P30.11","AK26","","","Input","Pull-up","CMOS/Automotive","","","FAST","VEXT","PU1"
"P30.12","AJ27","","","Input","Pull-up","CMOS/Automotive","","","FAST","VEXT","PU1"
"P30.13","AK27","","","Input","Pull-up","CMOS/Automotive","","","FAST","VEXT","PU1"
"P30.14","AJ28","","","Input","Pull-up","CMOS/Automotive","","","FAST","VEXT","PU1"
"P30.15","AK28","","","Input","Pull-up","CMOS/Automotive","","","FAST","VEXT","PU1"
"P31.0","AJ12","","","Input","Pull-up","CMOS/Automotive","","","FAST","VEXT","PU1"
"P31.1","AK12","","","Input","Pull-up","CMOS/Automotive","","","FAST","VEXT","PU1"
"P31.2","AJ13","","","Input","Pull-up","CMOS/Automotive","","","FAST","VEXT","PU1"
"P31.3","AK13","","","Input","Pull-up","CMOS/Automotive","","","FAST","VEXT","PU1"
"P31.4","AJ14","","","Input","Pull-up","CMOS/Automotive","","","FAST","VEXT","PU1"
"P31.5","AK14","","","Input","Pull-up","CMOS/Automotive","","","FAST","VEXT","PU1"
"P31.6","AJ15","","","Input","Pull-up","CMOS/Automotive","","","FAST","VEXT","PU1"
"P31.7","AK15","","","Input","Pull-up","CMOS/Automotive","","","FAST","VEXT","PU1"
"P31.8","AJ16","","","Input","Pull-up","CMOS/Automotive","","","FAST","VEXT","PU1"
"P31.9","AK16","","","Input","Pull-up","CMOS/Automotive","","","FAST","VEXT","PU1"
"P31.10","AJ17","","","Input","Pull-up","CMOS/Automotive","","","FAST","VEXT","PU1"
"P31.11","AK17","","","Input","Pull-up","CMOS/Automotive","","","FAST","VEXT","PU1"
"P31.12","AJ18","","","Input","Pull-up","CMOS/Automotive","","","FAST","VEXT","PU1"
"P31.13","AK18","","","Input","Pull-up","CMOS/Automotive","","","FAST","VEXT","PU1"
"P31.14","AJ19","","","Input","Pull-up","CMOS/Automotive","","","FAST","VEXT","PU1"
"P31.15","AK19","","","Input","Pull-up","CMOS/Automotive","","","FAST","VEXT","PU1"
"P32.0","AE22","","","Input","Pull-up","CMOS/Automotive","","","SLOW","VEXT","PU1"
"P32.1","AD22","","","Input","Pull-up","CMOS/Automotive","","","SLOW","VEXT","PU1"
"P32.2","AE23","","","Input","Pull-up","CMOS/Automotive","","","SLOW","VEXT","PU1"
"P32.3","AE24","","","Input","Pull-up","CMOS/Automotive","","","SLOW","VEXT","PU1"
"P32.4","AD23","","","Input","Pull-up","CMOS/Automotive","","","FAST","VEXT","PU1"
"P32.5","AA20","","","Input","Pull-up","CMOS/Automotive","","","SLOW","VEXT","PU1"
"P32.6","AB20","","","Input","Pull-up","CMOS/Automotive","","","SLOW","VEXT","PU1"
"P32.7","AB21","","","Input","Pull-up","CMOS/Automotive","","","SLOW","VEXT","PU1"
"P33.0","AD15","","","Input","Pull-up","CMOS/Automotive","","Digital","SLOW","VEVRSB","PU1"
"P33.1","AE15","","","Input","Pull-up","CMOS/Automotive","","Digital","SLOW","VEVRSB","PU1"
"P33.2","AD16","","","Input","Pull-up","CMOS/Automotive","","Digital","SLOW","VEVRSB","PU1"
"P33.3","AE16","","","Input","Pull-up","CMOS/Automotive","","Digital","SLOW","VEVRSB","PU1"
"P33.4","AD17","","","Input","Pull-up","CMOS/Automotive","","Digital","SLOW","VEVRSB","PU1"
"P33.5","AE17","","","Input","Pull-up","CMOS/Automotive","","Digital","SLOW","VEVRSB","PU1"
"P33.6","AD18","","","Input","Pull-up","CMOS/Automotive","","Digital","SLOW","VEVRSB","PU1"
"P33.7","AE18","","","Input","Pull-up","CMOS/Automotive","","Digital","SLOW","VEVRSB","PU1"
"P33.8","AD19","","","Input","Tri-state","CMOS/Automotive","","","FAST","VEVRSB","HighZ"
"P33.9","AE19","","","Input","Pull-up","CMOS/Automotive","","","SLOW","VEVRSB","PU1"
"P33.10","AD20","","","Input","Pull-up","CMOS/Automotive","","","FAST","VEVRSB","PU1"
"P33.11","AE20","","","Input","Pull-up","CMOS/Automotive","","","FAST","VEVRSB","PU1"
"P33.12","AD21","","","Input","Pull-up","CMOS/Automotive","","","FAST","VEVRSB","PU1"
"P33.13","AE21","","","Input","Pull-up","CMOS/Automotive","","","FAST","VEVRSB","PU1"
"P33.14","AA19","","","Input","Pull-up","CMOS/Automotive","","","FAST","VEVRSB","PU1"
"P33.15","AB19","","","Input","Pull-up","CMOS/Automotive","","","SLOW","VEVRSB","PU1"
"P34.1","AB16","","","Input","Pull-up","CMOS/Automotive","","Digital","SLOW","VEVRSB","PU1"
"P34.2","AA17","","","Input","Pull-up","CMOS/Automotive","","Digital","SLOW","VEVRSB","PU1"
"P34.3","AB17","","","Input","Pull-up","CMOS/Automotive","","Digital","SLOW","VEVRSB","PU1"
"P34.4","AA18","","","Input","Pull-up","CMOS/Automotive","","Digital","SLOW","VEVRSB","PU1"
"P34.5","AB18","","","Input","Pull-up","CMOS/Automotive","","","FAST","VEVRSB","PU1"
"SCR_P00.0","","","","Input","Pull-up","CMOS/Automotive","","","LP5","","PU"
"SCR_P00.1","","","","Input","Pull-up","CMOS/Automotive","","","LP5","","PU"
"SCR_P00.2","","","","Input","Pull-up","CMOS/Automotive","","","LP5","","PU"
"SCR_P00.3","","","","Input","Pull-up","CMOS/Automotive","","","LP5","","PU"
"SCR_P00.4","","","","Input","Pull-up","CMOS/Automotive","","Digital","LP5","","PU"
"SCR_P00.5","","","","Input","Pull-up","CMOS/Automotive","","Digital","LP5","","PU"
"SCR_P00.6","","","","Input","Pull-up","CMOS/Automotive","","Digital","LP5","","PU"
"SCR_P00.7","","","","Input","Pull-up","CMOS/Automotive","","Digital","LP5","","PU"
"SCR_P01.0","","","","Input","Pull-up","CMOS/Automotive","","","LP5","","PU"
"SCR_P01.1","","","","Input","Pull-up","CMOS/Automotive","","","LP5","","PU"
"SCR_P01.2","","","","Input","Pull-up","CMOS/Automotive","","","MP5","","PU"
"SCR_P01.3","","","","Input","Pull-up","CMOS/Automotive","","","MP5","","PU"
"SCR_P01.4","","","","Input","Pull-up","CMOS/Automotive","","","MP5","","PU"
"SCR_P01.5","","","","Input","Pull-up","CMOS/Automotive","","","MP5","","PU"
"SCR_P01.6","","","","Input","Pull-up","CMOS/Automotive","","","MP5","","PU"
"SCR_P01.7","","","","Input","Pull-up","CMOS/Automotive","","","LP5","","PU"
"TCK","P21","","","","","","","","FAST","VEXT","PD2"
"TMS","R21","","","","","","","","FAST","VEXT","PD2"
"VAGND1","AE12","","","","","","","","","",""
"VAGND2","AA7","","","","","","","","","",""
"VAGND3","AG2","","","","","","","","","",""
"VAREF1","AE11","","","","","","","","—","",""
"VAREF2","AA6","","","","","","","","—","",""
"VAREF3","AG1","","","","","","","","—","",""
"VDD","M18","","","","","","","","—","",""
"VDD","V12","","","","","","","","—","",""
"VDD","N19","","","","","","","","—","",""
"VDD","J21","","","","","","","","—","",""
"VDD","W13","","","","","","","","—","",""
"VDD","K20","","","","","","","","—","",""
"VDD","V24","","","","","","","","—","",""
"VDD","N12","","","","","","","","—","",""
"VDD","M13","","","","","","","","—","",""
"VDD","W18","","","","","","","","—","",""
"VDD","V19","","","","","","","","—","",""
"VDDM","AJ9","","","","","","","","—","",""
"VDDM","AE10","","","","","","","","—","",""
"VDDM","AK9","","","","","","","","—","",""
"VDDP3","B28","","","","","","","","—","",""
"VDDP3","A29","","","","","","","","—","",""
"VDDP3","G23","","","","","","","","—","",""
"VDDP3","F24","","","","","","","","—","",""
"VEVRSB","AA16","","","","","","","","—","",""
"VEXT","J30","","","","","","","","—","",""
"VEXT","AK29","","","","","","","","—","",""
"VEXT","J29","","","","","","","","—","",""
"VEXT","AH29","","","","","","","","—","",""
"VEXT","A2","","","","","","","","—","",""
"VEXT","B3","","","","","","","","—","",""
"VEXT","F7","","","","","","","","—","",""
"VEXT","G8","","","","","","","","—","",""
"VEXT","AK11","","","","","","","","—","",""
"VEXT","AK20","","","","","","","","—","",""
"VEXT","AJ11","","","","","","","","—","",""
"VEXT","AJ30","","","","","","","","—","",""
"VEXT","V25","","","","","","","","—","",""
"VEXT","AD25","","","","","","","","—","",""
"VEXT","AH30","","","","","","","","—","",""
"VEXT","AC24","","","","","","","","—","",""
"VFLEX","J10","","","","","","","","—","",""
"VSS","F25","","","","","","","","—","",""
"VSS","B29","","","","","","","","—","",""
"VSS","J22","","","","","","","","—","",""
"VSS","H29","","","","","","","","—","",""
"VSS","AJ10","","","","","","","","—","",""
"VSS","T25","","","","","","","","—","",""
"VSS","AK30","","","","","","","","—","",""
"VSS","B30","","","","","","","","—","",""
"VSS","H30","","","","","","","","—","",""
"VSS","K10","","","","","","","","—","",""
"VSS","AJ29","","","","","","","","—","",""
"VSS","J9","","","","","","","","—","",""
"VSS","B2","","","","","","","","—","",""
"VSS","M15","","","","","","","","—","",""
"VSS","M14","","","","","","","","—","",""
"VSS","M17","","","","","","","","—","",""
"VSS","M16","","","","","","","","—","",""
"VSS","U13","","","","","","","","—","",""
"VSS","U12","","","","","","","","—","",""
"VSS","U15","","","","","","","","—","",""
"VSS","W15","","","","","","","","—","",""
"VSS","W14","","","","","","","","—","",""
"VSS","U16","","","","","","","","—","",""
"VSS","AD24","","","","","","","","—","",""
"VSS","W17","","","","","","","","—","",""
"VSS","U19","","","","","","","","—","",""
"VSS","W16","","","","","","","","—","",""
"VSS","U18","","","","","","","","—","",""
"VSS","AB22","","","","","","","","—","",""
"VSS","AA21","","","","","","","","—","",""
"VSS","G24","","","","","","","","—","",""
"VSS","K21","","","","","","","","—","",""
"VSS","G7","","","","","","","","—","",""
"VSS","AK10","","","","","","","","—","",""
"VSS","A30","","","","","","","","—","",""
"VSS","P12","","","","","","","","—","",""
"VSS","N14","","","","","","","","—","",""
"VSS","R12","","","","","","","","—","",""
"VSS","N16","","","","","","","","—","",""
"VSS","P13","","","","","","","","—","",""
"VSS","N15","","","","","","","","—","",""
"VSS","T12","","","","","","","","—","",""
"VSS","R14","","","","","","","","—","",""
"VSS","P16","","","","","","","","—","",""
"VSS","R13","","","","","","","","—","",""
"VSS","P15","","","","","","","","—","",""
"VSS","N17","","","","","","","","—","",""
"VSS","T14","","","","","","","","—","",""
"VSS","R16","","","","","","","","—","",""
"VSS","P18","","","","","","","","—","",""
"VSS","T13","","","","","","","","—","",""
"VSS","R15","","","","","","","","—","",""
"VSS","V14","","","","","","","","—","",""
"VSS","T16","","","","","","","","—","",""
"VSS","R18","","","","","","","","—","",""
"VSS","AE25","","","","","","","","—","",""
"VSS","T15","","","","","","","","—","",""
"VSS","R17","","","","","","","","—","",""
"VSS","P19","","","","","","","","—","",""
"VSS","V16","","","","","","","","—","",""
"VSS","T18","","","","","","","","—","",""
"VSS","V15","","","","","","","","—","",""
"VSS","T17","","","","","","","","—","",""
"VSS","V17","","","","","","","","—","",""
"VSS","T19","","","","","","","","—","",""
"VSSM","AE9","","","","","","","","","",""
"VSSM","AK8","","","","","","","","","",""
"VSSM","AJ8","","","","","","","","","",""
"XTAL1","U25","","","","","","","","XTAL","VEXT",""
"XTAL2","U24","","","","","","","","XTAL","VEXT",""
"nESR0","L21","","","","","","","","FAST","VEXT","OD"
"nESR1","M21","","","","","","","","FAST","VEXT","PU1"
"nPORST","M22","PMS_PORST","","","","","","","PORST","VEXT","PD"
"nTRST","T24","","","","","","","","FAST","VEXT","PU2"
